{
  "model": "XGBoost",
  "roc_auc": 0.7782,
  "precision": 0.12,
  "recall": 0.8209,
  "pr_curve": {
    "thresholds": [
      0.006633,
      0.006891,
      0.007013,
      0.007131,
      0.007256,
      0.007379,
      0.007506,
      0.00763,
      0.007757,
      0.007886,
      0.008024,
      0.008154,
      0.008282,
      0.00842,
      0.008558,
      0.00869,
      0.008823,
      0.008973,
      0.009122,
      0.00927,
      0.00943,
      0.009604,
      0.00978,
      0.009964,
      0.010149,
      0.010338,
      0.010543,
      0.010762,
      0.010971,
      0.011206,
      0.011456,
      0.011712,
      0.011983,
      0.012264,
      0.012552,
      0.012839,
      0.013131,
      0.013435,
      0.013764,
      0.014105,
      0.014461,
      0.01483,
      0.015179,
      0.015565,
      0.015934,
      0.016316,
      0.016683,
      0.017062,
      0.017437,
      0.017809,
      0.018199,
      0.018602,
      0.018991,
      0.019387,
      0.01978,
      0.020189,
      0.020599,
      0.021014,
      0.021439,
      0.021878,
      0.022331,
      0.022791,
      0.023264,
      0.023732,
      0.024224,
      0.024714,
      0.025214,
      0.025744,
      0.026253,
      0.026781,
      0.027324,
      0.027859,
      0.028408,
      0.028961,
      0.029539,
      0.030138,
      0.030736,
      0.031357,
      0.031969,
      0.032618,
      0.033271,
      0.033955,
      0.034609,
      0.035309,
      0.036022,
      0.036735,
      0.037487,
      0.038257,
      0.039032,
      0.039794,
      0.040557,
      0.04133,
      0.042108,
      0.042907,
      0.043698,
      0.044467,
      0.045246,
      0.045996,
      0.046823,
      0.047635,
      0.048464,
      0.049304,
      0.050169,
      0.051066,
      0.051967,
      0.052909,
      0.053834,
      0.054802,
      0.055784,
      0.056777,
      0.057796,
      0.058864,
      0.059973,
      0.061087,
      0.062237,
      0.063419,
      0.064612,
      0.065802,
      0.067075,
      0.068375,
      0.069664,
      0.07098,
      0.072308,
      0.073645,
      0.074983,
      0.076345,
      0.077683,
      0.079088,
      0.080505,
      0.081896,
      0.083274,
      0.084693,
      0.086085,
      0.087536,
      0.089019,
      0.090499,
      0.092005,
      0.093535,
      0.095012,
      0.096537,
      0.098139,
      0.099741,
      0.101292,
      0.102948,
      0.104621,
      0.106326,
      0.108082,
      0.109867,
      0.111633,
      0.113423,
      0.11527,
      0.117157,
      0.119075,
      0.121019,
      0.122958,
      0.124952,
      0.126943,
      0.128949,
      0.131071,
      0.1331,
      0.135117,
      0.137131,
      0.139196,
      0.141327,
      0.14347,
      0.145592,
      0.147917,
      0.150237,
      0.152684,
      0.155174,
      0.157741,
      0.160314,
      0.163077,
      0.16585,
      0.168657,
      0.171649,
      0.174727,
      0.177855,
      0.181252,
      0.184542,
      0.188043,
      0.191607,
      0.195344,
      0.199088,
      0.202964,
      0.207112,
      0.211485,
      0.216447,
      0.221656,
      0.227367,
      0.233513,
      0.240206,
      0.247712,
      0.25557,
      0.264061,
      0.273306,
      0.28356,
      0.29544,
      0.309431,
      0.329454,
      0.37059,
      0.397334
    ],
    "precision": [
      0.064344,
      0.065498,
      0.066394,
      0.067202,
      0.067856,
      0.068421,
      0.068949,
      0.069416,
      0.069864,
      0.070289,
      0.070693,
      0.071115,
      0.071529,
      0.071934,
      0.072337,
      0.072733,
      0.073134,
      0.073533,
      0.073912,
      0.074318,
      0.074727,
      0.075118,
      0.075522,
      0.075934,
      0.076344,
      0.076771,
      0.077191,
      0.077591,
      0.07799,
      0.078407,
      0.078833,
      0.079251,
      0.079675,
      0.080089,
      0.080523,
      0.080934,
      0.081353,
      0.081778,
      0.082207,
      0.08263,
      0.083051,
      0.083472,
      0.083903,
      0.08433,
      0.084755,
      0.085193,
      0.085621,
      0.086068,
      0.086535,
      0.086971,
      0.087449,
      0.087945,
      0.088394,
      0.088866,
      0.089315,
      0.089817,
      0.090278,
      0.090756,
      0.091227,
      0.091709,
      0.092156,
      0.092669,
      0.093178,
      0.093628,
      0.094146,
      0.094684,
      0.095193,
      0.095718,
      0.096229,
      0.096748,
      0.097301,
      0.097846,
      0.098348,
      0.098878,
      0.099443,
      0.100022,
      0.100553,
      0.101106,
      0.101689,
      0.102279,
      0.102741,
      0.103256,
      0.103787,
      0.104367,
      0.104988,
      0.105557,
      0.106066,
      0.106681,
      0.107313,
      0.107845,
      0.108439,
      0.109031,
      0.109709,
      0.110339,
      0.111014,
      0.111636,
      0.112231,
      0.112875,
      0.113554,
      0.11423,
      0.114942,
      0.115614,
      0.116288,
      0.117002,
      0.117782,
      0.118516,
      0.119162,
      0.119897,
      0.120561,
      0.121244,
      0.121919,
      0.122647,
      0.123316,
      0.124085,
      0.124869,
      0.125599,
      0.126421,
      0.127146,
      0.127869,
      0.128651,
      0.129367,
      0.130248,
      0.13094,
      0.131719,
      0.13252,
      0.133439,
      0.134358,
      0.13532,
      0.136185,
      0.137098,
      0.138089,
      0.138948,
      0.139931,
      0.140969,
      0.141958,
      0.14299,
      0.144016,
      0.145088,
      0.146143,
      0.147079,
      0.148083,
      0.149039,
      0.150153,
      0.151292,
      0.152658,
      0.15364,
      0.154806,
      0.156011,
      0.157177,
      0.15845,
      0.159617,
      0.160846,
      0.162235,
      0.163488,
      0.164846,
      0.166162,
      0.167616,
      0.169101,
      0.170503,
      0.171944,
      0.17334,
      0.17475,
      0.176496,
      0.178134,
      0.180219,
      0.182211,
      0.184098,
      0.185803,
      0.187567,
      0.189454,
      0.191404,
      0.193279,
      0.195206,
      0.197457,
      0.200103,
      0.202856,
      0.205559,
      0.208387,
      0.211106,
      0.213754,
      0.216223,
      0.219717,
      0.223212,
      0.226701,
      0.230125,
      0.234651,
      0.239282,
      0.242845,
      0.247758,
      0.252453,
      0.258234,
      0.267333,
      0.276174,
      0.282553,
      0.291772,
      0.302436,
      0.316047,
      0.330843,
      0.360281,
      0.402139,
      0.589474,
      0.0
    ],